"context_search_result_query","count_"
"holidays","279"
"holiday","183"
"vault","103"
"feature flag","88"
"moda","77"
"benefits","73"
"forma","67"
"travel","66"
"1password","55"
"hydro","54"
"kusto","53"
"open enrollment","47"
"feature flags","47"
"aqueduct","46"
"proxima","45"
"espp","43"
"pto","42"
"review lab","41"
"splunk","38"
"referral","35"
"promotion","33"
"service catalog","33"
"sorbet","33"
"microsoft","33"
"hubot","32"
"semester","32"
"react","32"
"twirp","31"
"migrations","30"
"vpn","30"
"gheboot","29"
"universe 2023","29"
"copilot","29"
"swag","27"
"leadership principles","27"
"stafftools","27"
"greenhouse","27"
"emu","26"
"per diem","26"
"entitlements","25"
"graphql","25"
"audit log","24"
"redis","24"
"reflections","23"
"chatops","23"
"bp-dev","23"
"concur","22"
"stock","22"
"procurement","22"
"merge queue","22"
"developer vpn","21"
"howie","21"
"401k","21"
"ghes","20"
"datadog","20"
"microsoft authenticator","20"
"storybook","20"
"okta verify","20"
"leave","20"
"parental leave","19"
"mobility","19"
"career ladder","19"
"shop","19"
"diversity speaking","19"
"transition","19"
"devportal","19"
"modern health","19"
"logging","18"
"replication","18"
"migration","18"
"universe","18"
"SLO","18"
"elasticsearch","17"
"conferences speaking","17"
"gh-console","17"
"kustomize","17"
"training","17"
"sspa","17"
"failbot","17"
"reflection","16"
"webhooks","16"
"total rewards","16"
"dependabot","16"
"core 4","16"
"laptop refresh","16"
"ops-shell","16"
"vacation","16"
"slack","16"
"dotcom","15"
"benevity","15"
"hmac","15"
"PTO","15"
"scientist","15"
"transitions","15"
"graceful degradation","15"
"travel policy","15"
"replication lag","15"
"serviceowners","15"
"exponential backoff","14"
"sonoma","14"
"kubectl","14"
"datadot","14"
"github gives","14"
"testing","14"
"internal job","14"
"expenses","14"
"discounts","14"
"openapi","14"
"sensitive data","14"
"how we work","14"
"home office","14"
"pay zone","14"
"chatgpt","14"
"tracing","14"
"telemetry","14"
"jit","13"
"workforce planner","13"
"handbook","13"
"staffship","13"
"janky","13"
"mssql replication","13"
"internal job board","13"
"backport","13"
"SSA","13"
"lfs","13"
"gh-dbconsole","13"
"rubocop","12"
"fundamentals","12"
"flipper","12"
"rate limit","12"
"hsa","12"
"dental","12"
"promotions","12"
"privacy","12"
"graphiql","12"
"primer","12"
"ownership.yaml","12"
"relocation","12"
"otel","11"
"dri","11"
"dogstats","11"
"org chart","11"
"us holidays","11"
"glossary","11"
"api","11"
"rewatch","11"
"gh.io","11"
"open source","11"
"missing","11"
"github app","11"
"production console","11"
"ghe.io","10"
"Log Retention","10"
"codespaces","10"
"ADR","10"
"badge","10"
"prod console","10"
"microsoft store","10"
"software","10"
"encryption","10"
"binding.pry","10"
"goproxy","10"
"azure","10"
"coupon","10"
"job board","10"
"yubikey","10"
"rate limiting","10"
"semantic conventions","10"
"Holidays","10"
"sentry","10"
"uptime","10"
"snek","10"
"database","10"
"intune","10"
"learning","10"
"bereavement","10"
"elastic search","10"
"hpc","10"
"heaven","10"
"datadog apm","10"
"holiday calendar","10"
"base image","10"
"discount","9"
"enterprise","9"
"syslog","9"
"go","9"
"shell","9"
"elastomer","9"
"semester quarter","9"
"production readiness","9"
"relay","9"
"ops shell","9"
"devvpn","9"
"diversity inclusion","9"
"mssql","9"
"email","9"
"bastion","9"
"refresh","9"
"expensify","9"
"pagerduty","9"
"rewards","9"
"hr","9"
"leaving github","9"
"mysql","9"
"github shop","9"
"promotion cycle","8"
"microsoft office","8"
"incident severity","8"
"okta","8"
"talent architecture","8"
"expense","8"
"ruby","8"
"elasticsearch 8","8"
"coworking","8"
"emu test","8"
"core four","8"
"launch","8"
"durable ownership","8"
"nginx","8"
"fidelity","8"
"database migration","8"
"individual development plan","8"
"referrals","8"
"branding","8"
"interview","8"
"observability","8"
"jobs","8"
"bellevue","8"
"zoom","8"
"edr","8"
"golang","8"
"windows","8"
"splunk index","8"
"ukraine","7"
"flagged accounts","7"
"rubygems.pkg.github.com","7"
"insights","7"
"travel hub","7"
"packwerk","7"
"githubazure","7"
"forks","7"
"incident commander","7"
"ghcr.io","7"
"ctf","7"
"rate limits","7"
"company holidays","7"
"feature preview","7"
"monolith twirp","7"
"octofactory","7"
"2023 holidays","7"
"vendor inventory","7"
"slash command","7"
"slash commands","7"
"Hydro","7"
"EMU","7"
"distributed tracing","7"
"incident","7"
"calendar","7"
"microsoft discounts","7"
"vitess","7"
"deploy","7"
"mental health","7"
"zones","7"
"init","7"
"slos","7"
"review-lab","7"
"public holidays","7"
"moonlighting","7"
"ssa","7"
"bonus","7"
"new phone","7"
"semester planning","7"
"golden image","7"
"insurance","7"
"monorepo","7"
"restore repository","7"
"actions","7"
"microsoft password","7"
"webhook","7"
"laptop","7"
"applecare","7"
"brand","7"
"authz","7"
"lightstep","7"
"opentelemetry","6"
"ESPP","6"
"semester 4","6"
"diversity","6"
"billing","6"
"engagement survey","6"
"okta network gateway","6"
"metrics","6"
"dev vpn","6"
"markdown","6"
"careers","6"
"remote life","6"
"Copilot","6"
"hiring","6"
"gie","6"
"devtools","6"
"HR","6"
"offboarding","6"
"innersource","6"
"feature","6"
"api docs","6"
"phishing","6"
"onboarding","6"
"amex","6"
"load balancer","6"
"webhooks subscribers","6"
"hires","6"
"learning budget","6"
"euii","6"
"zendesk","6"
"allow_user_via_granular_actor","6"
"graphql schema","6"
"desana","6"
"compensation","6"
"career","6"
"new york times","6"
"prod-weu-01","6"
"moonlight","6"
"canary","6"
"moda secrets","6"
"financials","6"
"oauth","6"
"blackbird","6"
"DSR","6"
"collectd","6"
"mailer","6"
"leave of absence","6"
"maven","6"
"developer experience","6"
"codeowners","6"
"skip_with_all_emus","6"
"GHES","6"
"sso/sign_up","6"
"cache","6"
"proxima fluent bit","6"
"production shell","6"
"faraday","6"
"deploy freeze","6"
"microsoft support","6"
"sparkle","6"
"github apps","6"
"hubberversary","6"
"azure jit","6"
"enterprise mode","6"
"debug","6"
"splunk indexes","6"
"bundle","6"
"microsoft vpn","6"
"adr","6"
"hardware refresh","6"
"ecornell","6"
"okr","6"
"overmind","6"
"github workflows","6"
"tls","6"
"uptime slo","6"
"oidc","6"
"log requests","6"
"engineering","6"
"moda reference","6"
"offices","6"
"parsing","6"
"migrate to ui/packages","6"
"authenticator","5"
"semesters","5"
"feature flag enterprise","5"
"dns","5"
"DRI","5"
"batch_method","5"
"figma","5"
"elasticsearch red","5"
"slo standards","5"
"github connect","5"
"copilot chat","5"
"microsoft badge","5"
"encrypt.me","5"
"security requirements","5"
"microbenies","5"
"rest api","5"
"trust code","5"
"kusto actor_ip document","5"
"commit signing","5"
"emu setup","5"
"jetbrains","5"
"contractor","5"
"skeema","5"
"vault secret","5"
"stream processor","5"
"ghe-config","5"
"datadog monitor","5"
"multi-tenant","5"
"internship","5"
"gives","5"
"geneva","5"
"sensitive data removal","5"
"exception","5"
"cluster","5"
"prod vpn","5"
"preview_features","5"
"staging","5"
"visa","5"
"vesting","5"
"Holiday","5"
"microsoft stock","5"
"cursor based pagination","5"
"codeload","5"
"test enterprise mode","5"
"octoqueer","5"
"go proxy","5"
"catalyst","5"
"pat","5"
"benefit","5"
"vmware fusion","5"
"searching splunk","5"
"biztools","5"
"Proxima","5"
"pcr","5"
"ghe-migrator","5"
"kubernetes","5"
"zone 1","5"
"Forma","5"
"adobe","5"
"production readiness checklist","5"
"SCIM","5"
"exception reporting","5"
"react training","5"
"microsoft benefits","5"
"post incident communication","5"
"gauntlet","5"
"preload","5"
"paved path","5"
"support bundle","5"
"grades","5"
"TEST_ALL_FEATURES","5"
"vmware","5"
"depends_on_clusters","5"
"marriage","5"
"flamegraph","5"
"severity","5"
"request id","5"
"ladder","5"
"Benefits","5"
"notifications","5"
"passkey","5"
"internal jobs","5"
"sha sync","5"
"new laptop","5"
"service ownership","5"
"sev2","5"
"scim","5"
"twirp rate limit","5"
"office","5"
"payroll","5"
"Elasticsearch open","5"
"testing best practices","5"
"dotcom testing","5"
"debugger","5"
"assert_graphql_authz","5"
"security","5"
"OTEL_EXPORTER_OTLP_TRACES_HEADERS","5"
"github.localhost","5"
"microsoft referral","5"
"engineering ladder","5"
"learning and development","5"
"revenue plays","5"
"pay","5"
"corporate card","5"
"wex","5"
"CAP","5"
"parental","5"
"gitbenefits","5"
"batches epics","5"
"ssh key","5"
"expense policy","5"
"microsoft login","5"
"datadog annotation metrics","4"
"aqueduct bridge","4"
"alambic","4"
"vendor gem","4"
"monitor","4"
"seed user","4"
"pull request","4"
"logger","4"
"semantic","4"
"Moda","4"
"contractors","4"
"access token","4"
"alambic replication is behind","4"
"culture","4"
"company holiday","4"
"codeql","4"
"hubber handbook","4"
"istio","4"
"2024 holiday","4"
"fiscal year","4"
"github-telemetry-go","4"
"server logs","4"
"database migrations","4"
"remote desktop","4"
"logs","4"
"github foundations","4"
"Proxima pulse","4"
"microsoft intune","4"
"CLI","4"
"fsa","4"
"premium economy","4"
"netbenefits","4"
"ownership","4"
"dev-vpn","4"
"network-proxy","4"
"priorities","4"
"email alias","4"
"react partial","4"
"analytics","4"
"monolith logs","4"
"aqueduct name change","4"
"eap","4"
"console","4"
"ghes dev","4"
"soft delete","4"
"seed","4"
"memcache","4"
"dotcom codespace","4"
"dual access","4"
"fsck","4"
"audit log events","4"
"LDAP","4"
"docker login ghcr.io","4"
"license compliance","4"
"direct deposit","4"
"ong","4"
"mssql tranaction","4"
"laptop use policy","4"
"github.logger","4"
"new github app","4"
"dotcom development","4"
"gitauth LDAP worker","4"
"responsible ai","4"
"ghae","4"
"medical","4"
"moda deployment config","4"
"private runner","4"
"security review","4"
"async","4"
"proxima observability","4"
"fixtures","4"
"production vpn","4"
"us holiday","4"
"unicorn","4"
"ghe-mssql-shrinkfile","4"
"semantic logging","4"
"prod shell","4"
"ONG","4"
"/reflections","4"
"hubot commands","4"
".bp-dev","4"
"stratocaster","4"
"github-ui","4"
"background job","4"
"launchdns","4"
"gh cli","4"
"ghae haproxy","4"
"msw","4"
"rails test","4"
"legal","4"
"ci setup","4"
"staff-wus2-01","4"
"catalyst component","4"
"toxiproxy","4"
"memcached","4"
"audit logs","4"
"sla","4"
"amazon s3","4"
"dependabot access","4"
"escalation policy","4"
"monitors","4"
"db:migrate","4"
"change mysql config","4"
"tier","4"
"apple discount","4"
"tapioca","4"
"ldapsearch","4"
"pages","4"
"Sentry","4"
"incident repair","4"
"US holidays","4"
"faraday slo","4"
"microsoft discount","4"
"skeefree","4"
"gameday","4"
"ui packages","4"
"bin/rails test","4"
"pulse","4"
"package.json","4"
"vss","4"
"kvm image","4"
"Holidays 2023","4"
"diversity report","4"
"npm","4"
"rails console","4"
"loaner laptop","4"
"eslint","4"
"concurrency","4"
"mermaid","4"
"dotcom database","4"
"data classification","4"
"review lab api","4"
"$scim","4"
"stock grant","4"
"hackerone","4"
"verification","4"
"restore deleted repository","4"
"""site admin""","4"
"sparkles","4"
"javascript_bundle","4"
"GITHUB_TOKEN","4"
"san francisco","4"
"viscosity","4"
"logrotate","4"
"linting","4"
"ghe-spokesctl","4"
"looker","4"
"planned event","4"
"artifact cache","4"
"garage","4"
"VPN","4"
"sandbox","4"
"nda","4"
"hubber hangouts","4"
"social impact","4"
"holiday schedule","4"
"promotion template","4"
"Actions","4"
"moda ssl","4"
"solo deploy","4"
"enrollment","4"
"medical leave","4"
"codespaces ssh","4"
"capture the flag","4"
"dynamic workflows","4"
"api versioning","4"
"vsp","4"
"cancel deploy pipeline","4"
"biometrics","4"
"datadog-monitoring","4"
"graphql resolver","4"
"pay zones","4"
"REST API","4"
"secrets","4"
"day of reflection","4"
"ironclad","4"
"bp-dev list","4"
"governor","4"
"holiday list","4"
"saw","4"
"finance","4"
"azure ai","4"
"typescript","4"
"employment verification","4"
"requisition","4"
"datadog gates","4"
"octocat","4"
"proxima stamp","4"
"api.github.localhost","4"
"for mental health support","4"
"smtp","4"
"epic","4"
"implementing transitions","4"
"catalog","4"
"github voice","4"
"log request","4"
"inject-app-config-into-containers","4"
"vault-secret","4"
"moda cpu throttling","4"
"Hardware Purchasing Standard","4"
"api rate limit","4"
"fast","4"
"holidays 2023","4"
"abilities","4"
"kubernetes console","4"
"leave of abscense","3"
"primer recipes","3"
"ghes git rate limiting","3"
"sentry onboarding","3"
"orchestration","3"
"epd","3"
"data.githubapp.com","3"
"lightstep dev","3"
"testing relay","3"
"SLOs","3"
"github holiday","3"
"log level","3"
"repository maintenance","3"
"bose","3"
"internal api","3"
"killed queries","3"
"immigration","3"
"restoring from backup","3"
"debugging","3"
"kubernetes config","3"
"intellij","3"
"licensed","3"
"ldap","3"
"hubber lunch","3"
"moda vault","3"
"ecoss","3"
"nvda","3"
"An error occurred while provisioning githubazure.com Azure Active Directory","3"
".deploy","3"
"new endpoint","3"
"pizza teams","3"
"delete vault","3"
"glint","3"
"actions ci","3"
"cardinality","3"
"""speaking engagement""","3"
"squatting","3"
"git rate limi","3"
"DB SCHEMA","3"
"graphql subscriptions","3"
"GOMAXPROCS","3"
"graphql feature flag","3"
"enterprise dev","3"
"fmla","3"
"graphql development","3"
"universe 2022","3"
"vault access","3"
"booking travel","3"
"microsoft account","3"
"team post","3"
"self signed certificate subdomain isolation","3"
"free pro account","3"
"AppleCare","3"
"bundles","3"
"secure coding guidelines","3"
"""replace-on-every-deploy""","3"
"status","3"
"moda rails","3"
"testing in dotcom","3"
"cosmos","3"
"enterprise test","3"
"incident summary","3"
"bot account","3"
"ghe-console","3"
"availability","3"
"restore","3"
"trade compliance","3"
"test all features","3"
"screen reader","3"
"datadog chatop","3"
"gems","3"
"maternity leave","3"
"PCR","3"
"conditional access","3"
"health benefits","3"
"restore data","3"
"enterprise managed users","3"
"Universe","3"
"bagel","3"
"repair","3"
"support bundles","3"
"microsoft rsu","3"
"explain mysql","3"
"GRCC","3"
"DogStatsD","3"
"travel restriction","3"
"slack app","3"
"offboarding computer purchase","3"
"memoize","3"
"forking a fork","3"
"./chroot-cluster-start.sh","3"
"jumpcloud","3"
"multi tenant api","3"
"EMU migration","3"
"SERVICEOWNERS","3"
"required training","3"
"safe_redirect_to","3"
"feature_enabled?","3"
"swag shop","3"
"Leadership Principles","3"
"what is stafftools","3"
"enable codespaces development","3"
"scholarship","3"
"values","3"
"microsoft resources","3"
"internal transfer","3"
"unicorn workers","3"
"job description","3"
"""under/over-replicated gists:""","3"
"aqueduct jobs kusto","3"
"backup-utils","3"
"swag store","3"
"gh-medic","3"
"consul","3"
"transition service","3"
"paternity","3"
"sentinel","3"
"bug bounty","3"
"dotcom codespaces","3"
"gh-console master","3"
"shared components","3"
"apm","3"
"nullable","3"
"local development","3"
"golangci","3"
"university hiring","3"
"mobile_only","3"
"dfs","3"
"global app","3"
"relocating","3"
"flaky tests","3"
"withholdings","3"
"app insights","3"
"on call","3"
"actions  workflow testing","3"
"donation","3"
"wall street","3"
"gitauth workers","3"
"sentry access","3"
"auto-deploy","3"
"rapid risk assessment","3"
"american express","3"
"Entitlements","3"
"benefit election","3"
"dynamic workflow","3"
"driftwood","3"
".catalog slo copy","3"
"device","3"
"ntp","3"
"standards of business conduct","3"
"scorecard","3"
"Travel","3"
"conferences","3"
"copilot infrastructure","3"
"with_write","3"
"github api","3"
"gh-k8s-shell","3"
"trial license file","3"
"and by authenticating themselves via IdP.","3"
"tokyo office","3"
"company store","3"
"monalisa","3"
"proxima review lab","3"
"2024 holidays","3"
"lt","3"
"splunk upload bundle","3"
"hubber engagement","3"
"powerbi","3"
"on-call","3"
"twirp body size","3"
"deploy pipeline","3"
"maint-worker","3"
"graphql visibility","3"
"401K benefits","3"
"dmca","3"
"hookshot","3"
"restore branch","3"
"airflow","3"
"build pipelines","3"
"zone","3"
"github","3"
"username change form","3"
"target_for_conditional_access","3"
"ghcr","3"
"authzd","3"
"total rewards portal","3"
"pizza team","3"
"containers.pkg.github.com","3"
"turbo-frame","3"
"background jobs","3"
"company priorities","3"
"github enterprise shell","3"
"model coach","3"
"mssql logs","3"
"rsu","3"
".pager trigger","3"
"installation id","3"
"personal leave","3"
"special stock award","3"
"alambic replication","3"
"oar","3"
"audit","3"
"lifecycle of a request","3"
"telegraf","3"
"ghes feature flag","3"
"github-telemetry-ruby","3"
"Employee Assistance Program (EAP","3"
"lint","3"
"metlife legal","3"
"aqueduct debounce","3"
"flag","3"
"slack ai","3"
"trust by default","3"
"dotcom in emu mode","3"
"disk usage","3"
"ninesapp","3"
"vivid cortex","3"
"dotcom test","3"
"social media","3"
"billing vnext","3"
"link_to","3"
"world mental health","3"
"flexible PTO","3"
"mailhog","3"
"morgan stanley","3"
"sev3","3"
"udacity","3"
"client_id","3"
"timezone","3"
"code scanning","3"
"cosmosdb","3"
"pluralsight","3"
"self hosted runners","3"
"GitHub Policies","3"
"fiscal","3"
"api routes","3"
"prefill_associations","3"
"push log","3"
"duplicate elasticsearch","3"
"360","3"
"datadog prometheus metrics","3"
"sparkle party","3"
"japan","3"
"self-hosted runners","3"
"amex travel","3"
"feature flag ghes","3"
"helpers","3"
"canada","3"
"password","3"
"primer recipe","3"
"fabrikam","3"
"pizza","3"
".catalog import","3"
"FAILBOT_BACKEND","3"
"feature flag hub","3"
"github holidays","3"
".ci build","3"
"actions importer","3"
"1Password","3"
"forgot microsoft password","3"
"redis paved path","3"
"freeze","3"
"cronjob","3"
"fork","3"
"workplace security","3"
"request ID","3"
"retry webhooks","3"
"dotcom feature flags","3"
"personal laptop","3"
"graphql timeout","3"
"macc","3"
"EDR","3"
"svg images","3"
"entitlement","3"
"gh-ost","3"
"where we can hire","3"
"""migration assistant""","3"
"maternity","3"
"flakes","3"
"self-hosted runner","3"
"authz test","3"
"twirp api","3"
"service.iad.github.net","3"
"OTEL_EXPORTER_OTLP_TRACES_ENDPOINT","3"
"foreign keys","3"
"octoshift","3"
"o'reilly","3"
"programming languages","3"
"resign","3"
"sbc","3"
"support escalation","3"
"achievements","3"
"breaking changes","3"
"actions flows","3"
"short link","3"
"workplace","3"
"javascript bundle","3"
"engineering calendar","3"
"virtual desktop","3"
"service","3"
"professor x","3"
"datadog kusto","3"
"metlife dental","3"
"slo","3"
"npm install","3"
"resize2fs","3"
"day of learning","3"
"AMEX","3"
"flywheel","3"
"hardening ghes","3"
"international travel","3"
"performance","3"
"under/over-replicated gists","3"
"slash-command","3"
"gist","3"
"American Express","3"